pH,turbidity_NTU,TDS_mgL,microbial_present,label,label_name
7.37,38.1,321.0,1,2,unsafe
6.16,6.2,499.0,0,1,safe_flushing_only
7.78,13.2,554.0,1,2,unsafe
7.95,2.1,771.0,1,2,unsafe
5.34,3.3,143.0,0,2,unsafe
5.93,2.7,298.0,1,2,unsafe
7.22,7.4,632.0,1,2,unsafe
6.82,15.0,520.0,0,1,safe_flushing_only
7.08,10.1,722.0,1,2,unsafe
6.33,0.5,181.0,1,2,unsafe
7.89,2.9,657.0,1,2,unsafe
7.8,15.0,877.0,1,2,unsafe
7.16,12.2,696.0,0,1,safe_flushing_only
8.11,3.8,592.0,1,2,unsafe
7.52,4.4,521.0,1,2,unsafe
6.33,18.1,300.0,0,1,safe_flushing_only
7.43,8.8,528.0,0,1,safe_flushing_only
6.24,10.9,928.0,1,2,unsafe
7.89,6.8,514.0,1,2,unsafe
7.06,16.4,283.0,0,1,safe_flushing_only
6.93,26.8,402.0,0,2,unsafe
6.49,40.2,610.0,0,2,unsafe
8.2,13.5,438.0,1,2,unsafe
6.96,6.2,696.0,1,2,unsafe
6.71,1.9,707.0,0,1,safe_flushing_only
6.78,0.5,817.0,0,1,safe_flushing_only
7.58,37.1,977.0,0,2,unsafe
7.43,16.2,849.0,1,1,safe_flushing_only
7.47,6.0,270.0,0,1,safe_flushing_only
7.49,11.5,279.0,1,2,unsafe
9.03,22.7,527.0,0,2,unsafe
6.73,46.6,415.0,0,2,unsafe
6.64,2.7,209.0,0,0,safe_garden
6.37,10.9,417.0,1,2,unsafe
7.65,19.1,408.0,0,1,safe_flushing_only
8.12,55.8,348.0,0,2,unsafe
7.0,17.0,455.0,0,1,safe_flushing_only
6.34,11.7,904.0,1,2,unsafe
6.36,13.8,610.0,0,1,safe_flushing_only
7.69,4.2,1292.0,1,2,unsafe
7.77,13.8,601.0,1,2,unsafe
7.59,23.8,463.0,1,2,unsafe
6.5,3.7,551.0,1,2,unsafe
7.31,32.3,627.0,1,2,unsafe
7.21,1.3,681.0,0,1,safe_flushing_only
7.3,5.9,1173.0,1,2,unsafe
7.88,2.2,296.0,1,2,unsafe
7.3,1.0,808.0,1,2,unsafe
7.71,44.1,612.0,1,2,unsafe
7.16,3.8,79.0,0,0,safe_garden
7.36,8.6,781.0,0,1,safe_flushing_only
7.67,11.8,930.0,1,2,unsafe
5.79,1.7,293.0,0,2,unsafe
6.81,4.1,547.0,0,1,safe_flushing_only
6.68,3.9,50.0,0,0,safe_garden
6.53,4.5,172.0,1,2,unsafe
6.85,7.9,864.0,1,2,unsafe
8.45,4.9,410.0,0,1,safe_flushing_only
6.32,20.2,217.0,0,2,unsafe
7.97,8.7,619.0,0,1,safe_flushing_only
5.59,6.3,393.0,0,2,unsafe
6.8,3.1,409.0,1,2,unsafe
7.25,17.2,772.0,0,1,safe_flushing_only
7.63,5.8,201.0,0,0,safe_garden
7.74,5.9,278.0,0,2,unsafe
7.81,39.9,596.0,0,2,unsafe
6.79,0.7,841.0,0,1,safe_flushing_only
6.68,6.3,921.0,0,1,safe_flushing_only
7.87,11.1,350.0,0,1,safe_flushing_only
6.93,16.6,831.0,0,1,safe_flushing_only
5.95,15.9,315.0,0,2,unsafe
6.08,3.9,1098.0,0,2,unsafe
6.27,0.5,210.0,1,2,unsafe
7.55,13.3,949.0,0,1,safe_flushing_only
7.23,10.7,353.0,1,2,unsafe
7.72,1.1,1154.0,1,2,unsafe
6.72,8.5,727.0,1,2,unsafe
7.24,2.5,245.0,0,0,safe_garden
7.66,1.5,393.0,1,2,unsafe
6.82,10.2,784.0,1,2,unsafe
7.51,13.5,866.0,0,2,unsafe
6.5,11.6,529.0,1,2,unsafe
6.77,4.4,563.0,0,1,safe_flushing_only
6.76,11.1,778.0,0,1,safe_flushing_only
6.02,7.3,590.0,0,1,safe_flushing_only
7.54,8.6,162.0,1,2,unsafe
6.68,15.3,306.0,1,2,unsafe
7.11,10.9,621.0,0,1,safe_flushing_only
7.53,12.0,915.0,0,1,safe_flushing_only
7.5,19.7,1035.0,1,2,unsafe
7.7,5.5,784.0,0,1,safe_flushing_only
7.01,8.9,636.0,0,1,safe_flushing_only
6.72,12.4,775.0,1,2,unsafe
7.03,21.4,350.0,0,2,unsafe
5.58,3.5,504.0,1,2,unsafe
5.8,17.6,303.0,1,2,unsafe
5.91,3.9,175.0,0,2,unsafe
6.2,4.8,650.0,1,2,unsafe
7.46,6.6,606.0,0,1,safe_flushing_only
6.29,1.4,756.0,0,1,safe_flushing_only
6.76,25.9,714.0,1,2,unsafe
8.27,23.7,623.0,0,2,unsafe
6.78,36.8,717.0,1,2,unsafe
7.76,10.8,537.0,1,2,unsafe
6.26,13.6,674.0,0,1,safe_flushing_only
6.92,4.2,332.0,0,0,safe_garden
6.24,0.5,661.0,0,1,safe_flushing_only
6.79,15.9,751.0,1,2,unsafe
7.86,2.6,349.0,1,2,unsafe
5.55,3.5,566.0,0,2,unsafe
7.49,59.8,363.0,1,2,unsafe
7.31,2.0,392.0,1,2,unsafe
6.57,1.1,213.0,0,1,safe_flushing_only
5.8,0.9,930.0,1,2,unsafe
7.16,12.8,870.0,1,2,unsafe
6.62,5.4,711.0,1,2,unsafe
7.31,4.9,1142.0,0,2,unsafe
7.12,9.6,493.0,0,0,safe_garden
8.54,1.3,1460.0,0,2,unsafe
6.88,1.7,482.0,1,2,unsafe
6.18,29.9,627.0,1,2,unsafe
7.26,25.5,431.0,0,2,unsafe
7.3,10.0,662.0,0,1,safe_flushing_only
8.32,29.4,801.0,0,2,unsafe
7.85,1.0,516.0,0,1,safe_flushing_only
7.42,9.7,1083.0,0,2,unsafe
8.42,13.7,622.0,0,1,safe_flushing_only
6.03,22.2,631.0,0,2,unsafe
6.52,10.3,277.0,1,2,unsafe
6.27,10.1,676.0,0,1,safe_flushing_only
6.75,4.1,510.0,0,1,safe_flushing_only
5.86,13.2,368.0,0,2,unsafe
7.67,1.6,317.0,0,0,safe_garden
6.9,23.4,1352.0,0,2,unsafe
5.78,8.1,471.0,0,2,unsafe
6.19,1.4,113.0,1,2,unsafe
7.38,4.3,341.0,0,0,safe_garden
7.85,7.5,535.0,0,1,safe_flushing_only
8.9,42.1,714.0,1,1,safe_flushing_only
9.5,13.5,716.0,0,1,safe_flushing_only
7.47,18.8,753.0,0,1,safe_flushing_only
6.21,55.5,357.0,0,2,unsafe
5.18,16.4,652.0,1,2,unsafe
7.34,0.9,287.0,0,0,safe_garden
6.37,14.9,364.0,1,2,unsafe
6.73,17.8,275.0,1,2,unsafe
6.55,4.5,193.0,0,0,safe_garden
6.97,2.1,869.0,1,2,unsafe
8.06,9.8,757.0,1,2,unsafe
7.24,74.7,843.0,0,2,unsafe
6.96,18.4,562.0,1,2,unsafe
6.17,24.6,783.0,0,2,unsafe
5.59,17.8,50.0,0,2,unsafe
6.66,5.1,809.0,0,1,safe_flushing_only
7.05,11.5,603.0,0,1,safe_flushing_only
8.69,35.2,738.0,0,2,unsafe
7.22,4.3,664.0,1,2,unsafe
7.98,0.7,254.0,0,0,safe_garden
6.65,91.4,101.0,1,2,unsafe
6.03,6.0,336.0,0,1,safe_flushing_only
6.23,55.6,719.0,0,2,unsafe
6.45,10.8,757.0,1,2,unsafe
9.02,9.9,140.0,1,2,unsafe
6.36,12.7,256.0,0,1,safe_flushing_only
7.85,10.4,333.0,1,2,unsafe
6.29,39.4,443.0,1,2,unsafe
7.94,6.5,141.0,1,2,unsafe
7.45,2.0,123.0,0,0,safe_garden
6.96,23.5,303.0,0,2,unsafe
7.06,13.8,576.0,0,1,safe_flushing_only
6.51,0.5,196.0,0,0,safe_garden
7.5,13.7,515.0,1,2,unsafe
6.69,20.0,868.0,1,2,unsafe
6.0,4.6,159.0,0,2,unsafe
5.95,6.3,488.0,0,2,unsafe
7.26,1.6,857.0,0,1,safe_flushing_only
8.52,4.1,425.0,0,2,unsafe
7.24,13.6,378.0,0,1,safe_flushing_only
6.99,0.5,899.0,0,1,safe_flushing_only
7.36,18.0,458.0,0,1,safe_flushing_only
8.28,34.9,881.0,0,2,unsafe
7.3,1.4,679.0,0,1,safe_flushing_only
6.73,7.0,447.0,0,0,safe_garden
8.1,2.8,694.0,0,1,safe_flushing_only
7.49,8.0,646.0,0,1,safe_flushing_only
8.48,19.0,856.0,1,2,unsafe
7.26,12.8,385.0,1,2,unsafe
6.0,6.3,562.0,0,2,unsafe
5.87,2.6,532.0,0,2,unsafe
8.59,48.5,761.0,0,2,unsafe
8.65,3.7,242.0,0,2,unsafe
6.94,4.4,855.0,1,2,unsafe
6.76,0.5,690.0,0,1,safe_flushing_only
8.42,53.4,155.0,0,2,unsafe
6.1,18.3,912.0,0,1,safe_flushing_only
6.29,23.9,1220.0,0,2,unsafe
7.68,23.3,851.0,1,2,unsafe
6.74,6.4,978.0,0,1,safe_flushing_only
7.1,7.1,576.0,0,1,safe_flushing_only
6.95,20.1,52.0,0,2,unsafe
7.4,15.4,50.0,0,1,safe_flushing_only
8.37,1.0,627.0,1,2,unsafe
7.18,8.3,372.0,0,0,safe_garden
7.68,39.2,276.0,0,2,unsafe
5.25,11.1,531.0,1,2,unsafe
7.06,12.1,735.0,0,1,safe_flushing_only
6.34,3.7,114.0,1,2,unsafe
6.0,48.3,415.0,1,2,unsafe
6.31,29.4,1003.0,1,2,unsafe
6.8,8.6,227.0,1,2,unsafe
7.92,5.3,811.0,0,1,safe_flushing_only
5.91,3.9,405.0,0,2,unsafe
7.13,6.3,714.0,1,2,unsafe
6.66,2.0,879.0,0,1,safe_flushing_only
6.81,3.4,772.0,0,1,safe_flushing_only
8.0,0.6,823.0,1,2,unsafe
7.58,23.7,205.0,1,2,unsafe
8.3,1.1,884.0,0,1,safe_flushing_only
6.96,0.6,294.0,1,2,unsafe
6.47,23.4,628.0,0,2,unsafe
6.9,9.3,627.0,1,2,unsafe
7.32,15.5,696.0,0,1,safe_flushing_only
7.26,20.9,651.0,0,2,unsafe
6.12,8.2,297.0,1,2,unsafe
7.18,16.2,145.0,1,2,unsafe
7.31,8.8,812.0,0,1,safe_flushing_only
9.37,45.5,606.0,0,2,unsafe
8.79,20.3,895.0,0,2,unsafe
6.33,4.3,537.0,1,2,unsafe
6.84,8.6,128.0,1,2,unsafe
5.78,2.7,840.0,0,2,unsafe
6.57,15.3,439.0,0,1,safe_flushing_only
7.38,3.3,653.0,1,2,unsafe
8.19,8.7,356.0,0,1,safe_flushing_only
6.44,9.0,1043.0,0,2,unsafe
6.51,9.8,287.0,1,2,unsafe
5.17,3.4,449.0,1,2,unsafe
6.95,9.0,582.0,1,2,unsafe
6.14,22.5,222.0,0,2,unsafe
6.62,3.6,649.0,0,1,safe_flushing_only
6.31,5.1,1034.0,0,2,unsafe
7.02,14.5,403.0,1,2,unsafe
5.52,2.7,669.0,0,2,unsafe
5.78,36.4,50.0,0,2,unsafe
9.02,17.4,538.0,0,2,unsafe
5.94,17.5,456.0,0,2,unsafe
6.11,15.1,304.0,1,2,unsafe
8.75,4.5,874.0,0,2,unsafe
9.5,7.3,452.0,0,2,unsafe
6.05,8.6,497.0,0,1,safe_flushing_only
6.77,9.2,437.0,1,2,unsafe
7.41,16.6,50.0,0,1,safe_flushing_only
8.66,4.5,210.0,0,2,unsafe
6.21,7.3,838.0,1,2,unsafe
6.88,42.0,50.0,0,2,unsafe
7.8,34.4,320.0,0,2,unsafe
7.49,4.3,430.0,1,2,unsafe
6.76,13.2,1073.0,0,2,unsafe
6.98,3.0,781.0,0,1,safe_flushing_only
5.86,4.9,383.0,0,2,unsafe
6.89,4.7,941.0,1,2,unsafe
6.86,12.9,328.0,1,2,unsafe
7.31,31.8,853.0,0,2,unsafe
6.6,7.6,142.0,1,2,unsafe
7.52,36.3,872.0,0,2,unsafe
8.01,26.7,428.0,0,2,unsafe
7.24,9.1,241.0,1,2,unsafe
7.42,13.7,485.0,0,1,safe_flushing_only
7.15,11.5,633.0,0,1,safe_flushing_only
7.1,21.5,402.0,0,2,unsafe
6.45,10.8,716.0,0,1,safe_flushing_only
7.38,8.6,375.0,1,2,unsafe
7.01,11.0,736.0,1,0,safe_garden
8.98,10.4,683.0,0,2,unsafe
8.52,3.6,532.0,0,2,unsafe
7.45,0.5,418.0,0,0,safe_garden
6.41,6.1,595.0,0,1,safe_flushing_only
6.1,5.4,715.0,1,2,unsafe
8.17,71.7,1169.0,0,2,unsafe
7.34,10.0,832.0,1,2,unsafe
7.53,10.6,843.0,1,2,unsafe
5.53,13.1,1477.0,0,2,unsafe
7.93,14.2,705.0,0,1,safe_flushing_only
7.51,2.1,695.0,0,1,safe_flushing_only
6.1,7.8,761.0,1,2,unsafe
6.68,1.0,247.0,0,0,safe_garden
7.34,0.5,417.0,0,0,safe_garden
7.15,8.7,398.0,0,0,safe_garden
6.84,47.8,744.0,0,2,unsafe
7.01,7.7,498.0,0,0,safe_garden
6.87,0.9,591.0,0,1,safe_flushing_only
7.24,4.2,876.0,1,2,unsafe
8.42,2.4,809.0,1,2,unsafe
4.79,15.5,501.0,0,2,unsafe
6.89,4.6,349.0,0,0,safe_garden
7.26,12.5,891.0,1,1,safe_flushing_only
7.37,6.6,782.0,1,2,unsafe
6.77,12.4,68.0,0,1,safe_flushing_only
5.52,11.5,456.0,0,2,unsafe
7.4,26.4,600.0,1,2,unsafe
8.65,4.4,784.0,0,2,unsafe
5.72,5.1,823.0,0,2,unsafe
7.88,7.8,635.0,0,1,safe_flushing_only
6.8,8.9,726.0,1,2,unsafe
7.04,2.8,569.0,0,1,safe_flushing_only
6.15,9.6,348.0,1,2,unsafe
6.8,16.0,472.0,0,1,safe_flushing_only
8.27,3.6,556.0,0,1,safe_flushing_only
7.62,25.8,540.0,0,2,unsafe
8.66,21.4,50.0,1,2,unsafe
8.16,19.8,431.0,0,1,safe_flushing_only
7.5,16.7,567.0,1,2,unsafe
8.67,12.8,466.0,0,2,unsafe
7.5,8.0,476.0,0,0,safe_garden
7.85,13.2,696.0,0,1,safe_flushing_only
6.83,23.1,226.0,0,2,unsafe
7.16,6.8,62.0,0,0,safe_garden
6.47,2.2,446.0,0,1,safe_flushing_only
7.99,37.8,779.0,0,2,unsafe
6.04,31.2,1056.0,0,2,unsafe
7.8,5.4,785.0,1,2,unsafe
6.93,6.0,110.0,0,0,safe_garden
8.15,18.9,480.0,1,2,unsafe
7.78,7.0,627.0,0,1,safe_flushing_only
8.74,7.3,603.0,1,2,unsafe
7.76,9.5,712.0,1,2,unsafe
5.69,3.3,275.0,0,2,unsafe
7.04,10.0,569.0,1,2,unsafe
6.05,2.9,676.0,0,1,safe_flushing_only
6.63,5.4,798.0,0,1,safe_flushing_only
8.46,4.1,308.0,1,2,unsafe
7.67,1.0,446.0,1,2,unsafe
6.47,25.2,50.0,0,2,unsafe
6.19,4.8,364.0,1,2,unsafe
7.13,4.4,393.0,1,2,unsafe
6.01,79.2,244.0,1,2,unsafe
6.5,10.9,600.0,0,1,safe_flushing_only
7.38,0.7,533.0,1,2,unsafe
8.14,6.8,50.0,1,2,unsafe
7.65,5.0,615.0,0,1,safe_flushing_only
5.04,7.9,272.0,0,2,unsafe
7.37,2.5,696.0,1,2,unsafe
7.16,2.3,165.0,1,2,unsafe
7.47,1.2,559.0,0,1,safe_flushing_only
8.55,15.5,465.0,0,2,unsafe
5.24,0.5,641.0,0,2,unsafe
6.57,18.6,587.0,0,1,safe_flushing_only
7.63,2.1,473.0,1,2,unsafe
5.68,17.4,89.0,0,2,unsafe
8.43,15.5,107.0,0,1,safe_flushing_only
7.43,13.3,375.0,0,1,safe_flushing_only
7.86,0.5,548.0,1,2,unsafe
6.59,5.3,368.0,1,2,unsafe
7.83,12.8,738.0,1,2,unsafe
8.06,0.5,466.0,1,2,unsafe
7.31,4.6,260.0,1,2,unsafe
7.31,6.2,467.0,0,0,safe_garden
7.34,25.2,618.0,1,2,unsafe
6.32,3.2,647.0,0,2,unsafe
6.97,2.6,1114.0,1,2,unsafe
6.96,41.0,349.0,1,2,unsafe
7.45,5.5,528.0,0,1,safe_flushing_only
8.0,5.5,678.0,0,1,safe_flushing_only
6.15,17.3,543.0,0,1,safe_flushing_only
6.99,14.7,400.0,0,1,safe_flushing_only
8.43,7.0,85.0,1,1,safe_flushing_only
6.43,11.6,397.0,1,2,unsafe
6.36,4.9,228.0,0,1,safe_flushing_only
7.28,14.3,50.0,0,1,safe_flushing_only
7.86,1.8,311.0,0,0,safe_garden
7.11,1.8,236.0,1,2,unsafe
8.3,5.3,725.0,0,1,safe_flushing_only
7.87,0.5,730.0,0,1,safe_flushing_only
7.86,3.1,279.0,1,2,unsafe
7.6,8.9,472.0,1,2,unsafe
9.19,5.1,50.0,0,1,safe_flushing_only
6.92,1.8,402.0,0,0,safe_garden
5.3,74.9,670.0,0,1,safe_flushing_only
8.54,23.5,797.0,0,2,unsafe
6.69,3.6,336.0,0,0,safe_garden
7.2,22.1,866.0,1,2,unsafe
8.28,30.9,95.0,0,2,unsafe
5.66,16.7,176.0,1,2,unsafe
5.97,0.7,763.0,0,2,unsafe
5.66,10.0,1051.0,1,2,unsafe
6.39,8.8,698.0,1,2,unsafe
7.5,9.2,538.0,0,1,safe_flushing_only
7.57,1.4,50.0,0,0,safe_garden
7.35,15.1,50.0,0,1,safe_flushing_only
5.83,25.6,589.0,0,2,unsafe
5.02,1.0,443.0,0,2,unsafe
7.15,3.8,218.0,0,0,safe_garden
6.68,0.5,570.0,0,1,safe_flushing_only
7.51,20.9,585.0,0,2,unsafe
7.73,57.7,833.0,0,2,unsafe
7.22,0.5,591.0,0,1,safe_flushing_only
7.78,27.4,919.0,0,2,unsafe
7.31,7.1,552.0,1,0,safe_garden
7.58,34.7,515.0,0,2,unsafe
6.47,45.1,869.0,1,2,unsafe
6.94,19.5,256.0,1,2,unsafe
7.28,1.6,1394.0,0,2,unsafe
7.84,9.6,663.0,1,2,unsafe
6.75,2.3,664.0,0,1,safe_flushing_only
7.57,56.8,708.0,0,2,unsafe
6.86,7.7,1113.0,1,2,unsafe
6.99,3.0,788.0,0,1,safe_flushing_only
7.85,4.3,68.0,1,2,unsafe
5.31,40.5,971.0,0,2,unsafe
5.93,1.4,448.0,0,2,unsafe
5.77,15.8,582.0,1,2,unsafe
5.0,26.5,166.0,1,2,unsafe
6.49,6.2,708.0,1,2,unsafe
7.77,13.1,355.0,0,1,safe_flushing_only
6.84,9.8,580.0,1,2,unsafe
7.28,7.3,465.0,0,0,safe_garden
8.08,6.2,1128.0,1,0,safe_garden
8.29,0.8,1145.0,0,2,unsafe
7.04,4.1,564.0,1,2,unsafe
8.32,2.3,569.0,0,1,safe_flushing_only
7.18,7.3,438.0,1,2,unsafe
6.35,16.8,882.0,0,1,safe_flushing_only
6.57,3.3,451.0,0,0,safe_garden
5.77,4.0,424.0,1,2,unsafe
6.3,4.7,844.0,0,1,safe_flushing_only
6.78,18.8,389.0,1,2,unsafe
7.82,23.9,539.0,0,2,unsafe
8.65,1.8,76.0,0,2,unsafe
5.86,28.1,761.0,0,2,unsafe
7.45,18.4,1132.0,1,2,unsafe
6.16,1.2,766.0,1,2,unsafe
7.53,13.3,989.0,1,2,unsafe
6.98,10.7,296.0,1,2,unsafe
5.45,8.9,621.0,1,2,unsafe
7.94,1.0,267.0,0,0,safe_garden
6.56,12.5,482.0,0,1,safe_flushing_only
6.62,9.3,782.0,0,1,safe_flushing_only
6.14,3.8,581.0,0,1,safe_flushing_only
6.51,7.1,126.0,1,2,unsafe
7.49,17.6,155.0,0,1,safe_flushing_only
6.93,0.6,136.0,1,2,unsafe
7.4,6.6,697.0,1,2,unsafe
7.43,22.1,1169.0,0,2,unsafe
8.29,6.7,959.0,0,1,safe_flushing_only
6.79,23.5,50.0,0,2,unsafe
5.77,2.1,976.0,1,2,unsafe
8.06,17.7,831.0,0,1,safe_flushing_only
6.8,33.3,86.0,1,2,unsafe
8.1,1.8,459.0,1,2,unsafe
7.45,21.2,879.0,0,2,unsafe
6.98,3.6,715.0,1,2,unsafe
7.41,1.5,157.0,0,0,safe_garden
8.86,1.2,733.0,0,2,unsafe
8.97,6.2,50.0,1,2,unsafe
7.16,0.5,483.0,0,0,safe_garden
7.24,3.4,891.0,0,1,safe_flushing_only
8.07,6.3,556.0,0,2,unsafe
6.34,7.0,400.0,0,1,safe_flushing_only
7.4,2.8,817.0,0,1,safe_flushing_only
7.08,4.6,842.0,1,2,unsafe
7.38,2.4,943.0,0,1,safe_flushing_only
6.35,3.3,812.0,0,1,safe_flushing_only
5.67,14.4,874.0,1,2,unsafe
5.23,6.4,770.0,0,2,unsafe
6.09,16.4,630.0,0,1,safe_flushing_only
6.69,3.3,577.0,0,1,safe_flushing_only
6.84,0.5,479.0,0,0,safe_garden
8.84,9.3,186.0,0,2,unsafe
8.1,15.1,263.0,0,1,safe_flushing_only
6.23,1.2,465.0,0,1,safe_flushing_only
7.41,13.6,622.0,0,2,unsafe
6.73,1.5,982.0,1,2,unsafe
6.84,4.3,537.0,1,2,unsafe
7.27,9.8,851.0,0,1,safe_flushing_only
7.66,1.2,874.0,0,1,safe_flushing_only
6.79,11.7,481.0,0,1,safe_flushing_only
8.06,9.1,728.0,1,2,unsafe
6.07,12.9,477.0,1,2,unsafe
7.11,1.0,947.0,0,1,safe_flushing_only
9.44,3.5,741.0,0,0,safe_garden
7.3,19.8,193.0,1,2,unsafe
8.39,0.5,598.0,0,1,safe_flushing_only
7.18,20.9,1044.0,0,2,unsafe
7.62,15.7,496.0,0,1,safe_flushing_only
7.05,1.2,684.0,1,2,unsafe
6.95,2.0,714.0,0,1,safe_flushing_only
6.4,18.0,239.0,0,1,safe_flushing_only
7.49,7.9,703.0,0,1,safe_flushing_only
6.33,6.6,132.0,1,2,unsafe
7.7,3.7,362.0,0,0,safe_garden
8.08,6.9,873.0,0,1,safe_flushing_only
7.43,5.3,657.0,1,2,unsafe
6.84,6.3,459.0,0,0,safe_garden
7.51,21.3,684.0,0,2,unsafe
6.82,0.5,532.0,0,1,safe_flushing_only
7.94,26.2,554.0,1,2,unsafe
5.45,4.1,747.0,0,2,unsafe
6.8,4.0,332.0,1,2,unsafe
5.31,13.6,562.0,0,2,unsafe
5.75,23.6,456.0,0,2,unsafe
8.33,9.8,74.0,1,2,unsafe
7.91,3.3,274.0,1,2,unsafe
6.45,1.3,1020.0,1,2,unsafe
5.75,6.5,665.0,0,2,unsafe
4.5,0.9,153.0,0,2,unsafe
6.61,22.9,88.0,0,2,unsafe
9.28,4.2,516.0,1,2,unsafe
7.49,15.5,1018.0,1,2,unsafe
6.6,19.6,494.0,1,2,unsafe
7.52,10.3,942.0,0,1,safe_flushing_only
5.7,15.9,656.0,0,2,unsafe
6.83,10.0,691.0,0,1,safe_flushing_only
7.19,5.1,149.0,1,2,unsafe
7.02,15.1,831.0,0,1,safe_flushing_only
7.81,14.0,450.0,1,2,unsafe
7.41,1.8,809.0,0,1,safe_flushing_only
7.7,17.0,306.0,0,1,safe_flushing_only
6.48,5.4,603.0,0,2,unsafe
7.91,32.2,656.0,0,2,unsafe
8.57,22.2,504.0,1,2,unsafe
6.23,8.7,671.0,0,1,safe_flushing_only
6.3,11.2,470.0,1,2,unsafe
8.3,1.7,355.0,0,1,safe_flushing_only
6.93,8.1,1032.0,1,2,unsafe
8.36,7.0,865.0,1,2,unsafe
6.7,5.5,322.0,1,2,unsafe
8.41,7.4,721.0,1,2,unsafe
7.22,49.8,327.0,0,2,unsafe
7.33,1.8,195.0,0,0,safe_garden
8.51,1.1,860.0,1,2,unsafe
6.77,7.2,50.0,0,0,safe_garden
6.25,4.8,828.0,0,1,safe_flushing_only
6.7,12.4,474.0,1,2,unsafe
7.51,3.4,487.0,0,0,safe_garden
5.69,23.3,673.0,0,2,unsafe
7.67,19.7,724.0,0,1,safe_flushing_only
6.62,2.5,302.0,0,0,safe_garden
8.13,1.6,765.0,0,1,safe_flushing_only
4.95,13.6,584.0,1,2,unsafe
6.39,0.5,173.0,1,2,unsafe
5.58,3.7,499.0,0,2,unsafe
6.36,24.1,964.0,0,2,unsafe
7.32,1.6,1053.0,0,2,unsafe
6.94,10.3,765.0,1,2,unsafe
6.87,7.5,193.0,1,2,unsafe
6.96,39.9,697.0,1,2,unsafe
7.28,5.5,805.0,1,2,unsafe
6.19,20.3,768.0,1,2,unsafe
7.74,28.3,785.0,0,2,unsafe
7.7,2.0,659.0,0,1,safe_flushing_only
7.45,7.8,528.0,0,1,safe_flushing_only
7.6,8.9,367.0,0,0,safe_garden
7.37,7.7,50.0,1,2,unsafe
8.93,20.9,652.0,0,2,unsafe
7.02,0.6,606.0,1,2,unsafe
6.82,3.2,717.0,0,1,safe_flushing_only
6.42,2.5,149.0,1,2,unsafe
6.17,1.1,744.0,0,1,safe_flushing_only
5.98,3.1,1166.0,0,2,unsafe
6.3,4.6,574.0,0,1,safe_flushing_only
7.04,4.7,532.0,0,1,safe_flushing_only
7.4,0.5,643.0,0,1,safe_flushing_only
7.15,8.7,1160.0,1,2,unsafe
6.41,2.1,243.0,0,1,safe_flushing_only
7.91,6.3,611.0,0,1,safe_flushing_only
7.77,7.8,310.0,0,0,safe_garden
6.96,10.9,386.0,0,1,safe_flushing_only
6.51,5.7,535.0,1,2,unsafe
7.59,1.0,954.0,0,1,safe_flushing_only
7.27,0.5,1090.0,0,2,unsafe
5.8,6.0,684.0,1,2,unsafe
7.04,19.0,437.0,1,2,unsafe
7.34,42.0,1298.0,1,2,unsafe
6.29,15.7,422.0,0,1,safe_flushing_only
7.27,5.3,379.0,1,2,unsafe
5.79,32.1,50.0,1,2,unsafe
8.3,28.8,969.0,1,2,unsafe
8.22,17.4,840.0,0,1,safe_flushing_only
6.87,29.6,1275.0,1,2,unsafe
7.43,16.5,133.0,1,2,unsafe
4.93,8.9,987.0,0,2,unsafe
6.06,18.6,571.0,1,2,unsafe
6.84,11.9,792.0,0,1,safe_flushing_only
6.14,27.5,56.0,0,2,unsafe
7.74,2.9,990.0,0,1,safe_flushing_only
8.9,1.8,786.0,0,2,unsafe
6.04,7.3,538.0,0,1,safe_flushing_only
6.35,1.4,744.0,1,2,unsafe
7.31,7.5,320.0,1,2,unsafe
8.55,13.6,376.0,1,2,unsafe
6.0,22.9,411.0,1,2,unsafe
7.32,42.0,50.0,0,2,unsafe
8.74,4.5,809.0,1,2,unsafe
5.61,5.8,907.0,1,2,unsafe
5.95,5.3,340.0,0,2,unsafe
6.72,0.6,654.0,0,1,safe_flushing_only
6.63,2.1,470.0,1,0,safe_garden
7.83,1.3,648.0,1,2,unsafe
7.32,9.9,362.0,1,2,unsafe
5.5,6.7,285.0,1,2,unsafe
7.56,33.7,866.0,0,2,unsafe
6.58,0.5,531.0,0,1,safe_flushing_only
8.25,3.8,1157.0,0,2,unsafe
6.54,6.1,564.0,0,1,safe_flushing_only
6.53,10.9,272.0,0,1,safe_flushing_only
7.59,3.1,918.0,0,1,safe_flushing_only
7.79,4.5,739.0,1,0,safe_garden
7.5,3.2,768.0,1,2,unsafe
5.58,13.8,907.0,0,2,unsafe
7.58,3.2,354.0,0,0,safe_garden
6.17,14.9,512.0,1,2,unsafe
7.31,15.0,499.0,1,2,unsafe
5.82,9.1,163.0,1,2,unsafe
7.5,4.4,471.0,1,1,safe_flushing_only
6.37,1.4,951.0,0,1,safe_flushing_only
5.95,6.8,621.0,0,2,unsafe
7.74,13.5,146.0,0,1,safe_flushing_only
7.32,100.0,83.0,1,2,unsafe
6.55,4.5,1049.0,1,2,unsafe
8.41,1.7,523.0,0,1,safe_flushing_only
6.7,1.1,356.0,0,0,safe_garden
7.13,26.6,468.0,1,2,unsafe
7.34,8.2,107.0,1,2,unsafe
6.54,4.2,977.0,0,1,safe_flushing_only
7.52,7.0,432.0,0,0,safe_garden
6.62,4.9,960.0,0,1,safe_flushing_only
6.73,6.6,565.0,0,1,safe_flushing_only
8.33,11.7,979.0,0,1,safe_flushing_only
6.16,3.1,627.0,0,1,safe_flushing_only
4.93,16.2,806.0,1,2,unsafe
8.55,18.9,766.0,0,1,safe_flushing_only
9.39,1.7,737.0,0,2,unsafe
6.74,1.9,654.0,1,2,unsafe
5.36,6.8,480.0,0,2,unsafe
6.82,16.3,1125.0,0,2,unsafe
6.84,5.4,278.0,1,2,unsafe
6.93,61.7,551.0,1,2,unsafe
6.1,19.7,554.0,0,1,safe_flushing_only
7.62,0.6,671.0,0,1,safe_flushing_only
7.57,10.5,421.0,0,1,safe_flushing_only
5.76,15.9,644.0,0,2,unsafe
7.73,1.6,499.0,0,0,safe_garden
8.95,22.7,75.0,0,2,unsafe
7.25,2.9,553.0,0,1,safe_flushing_only
6.8,2.8,220.0,0,0,safe_garden
6.97,11.3,50.0,0,1,safe_flushing_only
7.65,0.8,591.0,0,1,safe_flushing_only
5.54,12.5,696.0,0,2,unsafe
7.25,3.4,708.0,1,2,unsafe
6.75,2.9,720.0,0,1,safe_flushing_only
8.76,14.5,50.0,0,2,unsafe
6.94,8.2,142.0,1,2,unsafe
8.6,15.2,1142.0,0,2,unsafe
6.11,9.4,236.0,0,1,safe_flushing_only
7.63,25.7,733.0,1,2,unsafe
7.39,19.1,344.0,1,2,unsafe
6.32,5.9,574.0,0,1,safe_flushing_only
7.26,12.6,360.0,0,1,safe_flushing_only
8.19,1.5,718.0,1,2,unsafe
6.81,14.5,591.0,0,1,safe_flushing_only
5.58,1.4,416.0,1,2,unsafe
7.08,0.5,235.0,0,0,safe_garden
6.29,6.2,630.0,0,1,safe_flushing_only
6.79,5.2,186.0,0,0,safe_garden
7.03,13.6,678.0,0,1,safe_flushing_only
5.56,1.0,1338.0,0,2,unsafe
5.65,27.5,955.0,0,2,unsafe
7.53,22.0,766.0,1,2,unsafe
6.63,33.3,524.0,1,2,unsafe
4.79,1.2,50.0,1,2,unsafe
7.81,5.1,153.0,0,0,safe_garden
7.35,2.3,935.0,0,1,safe_flushing_only
6.46,2.9,313.0,0,1,safe_flushing_only
5.91,7.0,340.0,1,2,unsafe
7.85,3.7,500.0,1,2,unsafe
7.41,3.0,231.0,0,0,safe_garden
9.24,5.3,182.0,0,2,unsafe
7.48,9.2,535.0,1,2,unsafe
7.45,2.2,283.0,1,2,unsafe
6.95,4.9,328.0,1,2,unsafe
7.84,7.5,316.0,0,0,safe_garden
7.66,24.8,707.0,1,2,unsafe
8.23,9.2,480.0,1,2,unsafe
6.63,33.2,496.0,0,2,unsafe
6.71,35.9,729.0,1,2,unsafe
6.67,2.6,507.0,0,1,safe_flushing_only
7.81,1.2,467.0,1,2,unsafe
8.45,35.4,691.0,0,2,unsafe
6.69,29.1,750.0,0,2,unsafe
6.72,49.8,506.0,1,2,unsafe
7.38,17.1,574.0,1,2,unsafe
6.88,1.3,315.0,0,0,safe_garden
7.96,11.4,292.0,0,1,safe_flushing_only
5.07,9.0,781.0,1,1,safe_flushing_only
6.36,21.0,683.0,1,2,unsafe
6.4,2.6,687.0,1,2,unsafe
5.01,2.3,634.0,0,2,unsafe
6.23,10.2,564.0,0,1,safe_flushing_only
6.28,1.6,759.0,0,1,safe_flushing_only
6.92,1.7,831.0,1,2,unsafe
8.1,27.8,823.0,0,2,unsafe
6.88,32.8,520.0,0,2,unsafe
6.17,24.8,966.0,1,2,unsafe
7.05,15.7,619.0,1,2,unsafe
8.04,4.7,740.0,0,1,safe_flushing_only
6.22,4.8,635.0,0,1,safe_flushing_only
6.28,22.5,624.0,0,2,unsafe
7.6,42.0,329.0,0,2,unsafe
6.9,0.5,760.0,0,1,safe_flushing_only
7.68,58.0,1404.0,1,2,unsafe
7.09,2.5,438.0,1,2,unsafe
7.73,21.2,571.0,1,2,unsafe
6.17,2.9,416.0,0,1,safe_flushing_only
7.09,5.4,404.0,0,0,safe_garden
6.91,12.4,1013.0,1,2,unsafe
6.01,3.3,348.0,1,2,unsafe
5.69,29.2,408.0,0,2,unsafe
7.72,1.9,74.0,0,0,safe_garden
6.78,0.8,323.0,0,0,safe_garden
6.18,38.5,50.0,1,2,unsafe
7.01,19.8,740.0,0,1,safe_flushing_only
8.12,5.7,1390.0,0,2,unsafe
5.05,7.7,440.0,0,2,unsafe
5.75,13.1,50.0,0,2,unsafe
6.27,19.3,820.0,0,1,safe_flushing_only
8.42,5.7,332.0,0,1,safe_flushing_only
7.35,12.3,940.0,0,1,safe_flushing_only
7.79,3.8,465.0,0,0,safe_garden
6.07,0.5,360.0,0,1,safe_flushing_only
6.09,21.7,497.0,0,2,unsafe
7.5,1.3,777.0,0,1,safe_flushing_only
7.15,0.5,482.0,1,2,unsafe
7.59,26.2,401.0,1,2,unsafe
6.93,27.7,490.0,0,2,unsafe
7.35,7.2,168.0,0,0,safe_garden
7.24,9.7,669.0,0,1,safe_flushing_only
7.8,5.4,50.0,0,0,safe_garden
7.83,6.4,417.0,0,0,safe_garden
5.64,3.3,778.0,0,2,unsafe
5.08,2.9,641.0,1,2,unsafe
8.0,5.0,727.0,1,2,unsafe
8.17,21.5,530.0,0,2,unsafe
6.18,38.5,901.0,1,2,unsafe
5.43,19.4,827.0,0,2,unsafe
7.19,14.7,684.0,0,1,safe_flushing_only
7.94,7.8,828.0,0,1,safe_flushing_only
8.72,4.1,775.0,1,2,unsafe
7.56,12.0,418.0,0,1,safe_flushing_only
6.77,0.8,147.0,1,2,unsafe
6.3,46.3,676.0,0,2,unsafe
7.11,14.8,714.0,1,2,unsafe
6.83,25.3,877.0,0,2,unsafe
6.19,0.5,269.0,0,1,safe_flushing_only
8.94,1.3,278.0,1,2,unsafe
8.71,17.1,688.0,1,2,unsafe
8.12,0.5,529.0,0,1,safe_flushing_only
6.27,9.2,50.0,1,2,unsafe
7.87,3.1,663.0,1,2,unsafe
7.68,4.5,50.0,0,0,safe_garden
7.5,15.0,266.0,0,1,safe_flushing_only
8.22,3.3,956.0,0,1,safe_flushing_only
7.67,4.5,1097.0,0,2,unsafe
7.77,11.6,185.0,0,1,safe_flushing_only
7.67,2.1,451.0,0,0,safe_garden
7.41,14.6,563.0,0,1,safe_flushing_only
5.49,22.6,1084.0,0,2,unsafe
7.18,28.7,402.0,1,2,unsafe
6.6,9.0,407.0,1,2,unsafe
5.95,3.0,1015.0,0,2,unsafe
8.61,2.2,438.0,1,2,unsafe
8.66,2.2,767.0,0,2,unsafe
8.32,0.5,107.0,1,2,unsafe
7.33,16.2,499.0,0,1,safe_flushing_only
8.32,8.0,52.0,1,2,unsafe
7.11,26.3,233.0,0,2,unsafe
7.28,1.5,802.0,0,1,safe_flushing_only
6.12,36.5,535.0,0,2,unsafe
7.46,6.9,454.0,1,2,unsafe
7.15,1.4,325.0,1,2,unsafe
5.93,0.5,484.0,0,2,unsafe
7.05,2.6,640.0,1,2,unsafe
7.03,22.8,845.0,0,2,unsafe
8.72,2.6,50.0,1,2,unsafe
7.9,14.7,300.0,1,2,unsafe
7.11,1.0,598.0,0,1,safe_flushing_only
7.32,7.0,520.0,0,1,safe_flushing_only
7.14,11.8,671.0,1,2,unsafe
6.92,21.0,630.0,0,2,unsafe
6.13,12.9,459.0,1,2,unsafe
6.96,0.6,392.0,0,0,safe_garden
6.43,18.1,476.0,0,1,safe_flushing_only
5.97,0.5,895.0,0,2,unsafe
7.56,2.4,330.0,0,0,safe_garden
7.45,28.8,531.0,1,2,unsafe
5.49,15.0,605.0,0,2,unsafe
6.99,14.0,1018.0,0,2,unsafe
8.0,8.4,460.0,0,0,safe_garden
8.05,14.5,838.0,0,1,safe_flushing_only
8.02,2.4,920.0,0,1,safe_flushing_only
7.14,9.2,531.0,0,1,safe_flushing_only
6.34,5.3,487.0,0,1,safe_flushing_only
6.12,4.7,451.0,0,1,safe_flushing_only
7.41,12.8,473.0,0,1,safe_flushing_only
7.44,3.5,806.0,0,1,safe_flushing_only
8.26,11.5,619.0,0,1,safe_flushing_only
8.09,6.3,621.0,1,2,unsafe
6.98,59.3,212.0,0,2,unsafe
5.98,3.2,260.0,1,2,unsafe
6.81,0.9,1193.0,0,2,unsafe
7.3,26.6,497.0,1,2,unsafe
6.92,41.0,318.0,1,2,unsafe
6.58,13.5,979.0,0,1,safe_flushing_only
7.33,0.6,635.0,0,1,safe_flushing_only
6.65,0.5,723.0,0,1,safe_flushing_only
6.53,1.3,509.0,0,1,safe_flushing_only
7.38,25.4,454.0,1,2,unsafe
6.74,42.3,499.0,0,2,unsafe
7.32,1.8,135.0,0,0,safe_garden
7.35,2.1,524.0,0,1,safe_flushing_only
6.07,2.6,639.0,0,1,safe_flushing_only
6.67,23.4,1105.0,1,2,unsafe
8.39,11.8,576.0,0,1,safe_flushing_only
6.05,11.1,50.0,0,1,safe_flushing_only
5.2,0.5,522.0,1,2,unsafe
5.42,7.3,1372.0,0,2,unsafe
7.13,8.0,810.0,0,1,safe_flushing_only
7.13,3.3,307.0,1,2,unsafe
6.99,0.6,727.0,0,1,safe_flushing_only
8.19,12.7,327.0,1,2,unsafe
4.69,12.3,144.0,1,2,unsafe
7.46,4.3,445.0,0,0,safe_garden
8.51,21.3,577.0,1,2,unsafe
6.08,19.7,50.0,1,2,unsafe
6.76,15.8,205.0,0,1,safe_flushing_only
6.42,7.6,553.0,1,2,unsafe
6.3,58.0,428.0,0,2,unsafe
6.81,3.5,668.0,0,1,safe_flushing_only
8.38,7.8,186.0,1,2,unsafe
8.75,23.4,764.0,0,2,unsafe
6.8,17.2,195.0,1,2,unsafe
8.81,8.3,1043.0,0,2,unsafe
7.13,11.1,50.0,1,2,unsafe
8.68,20.0,222.0,0,2,unsafe
7.02,7.4,675.0,1,2,unsafe
7.22,1.5,1049.0,0,2,unsafe
7.43,3.0,645.0,1,2,unsafe
9.5,9.6,719.0,1,2,unsafe
7.87,0.6,555.0,0,1,safe_flushing_only
6.46,12.9,242.0,0,1,safe_flushing_only
7.97,1.0,403.0,0,0,safe_garden
6.77,5.0,186.0,1,2,unsafe
6.66,12.4,166.0,1,2,unsafe
7.92,2.3,671.0,0,1,safe_flushing_only
7.13,8.8,213.0,0,0,safe_garden
7.35,67.0,646.0,0,2,unsafe
7.11,0.8,159.0,0,0,safe_garden
7.4,11.8,639.0,0,1,safe_flushing_only
7.48,12.9,403.0,1,2,unsafe
5.36,13.2,972.0,0,2,unsafe
7.7,35.9,647.0,0,2,unsafe
6.22,15.2,921.0,1,2,unsafe
5.8,39.9,323.0,0,2,unsafe
7.05,8.4,567.0,1,2,unsafe
7.18,8.8,256.0,1,2,unsafe
6.48,43.9,426.0,0,2,unsafe
7.85,11.3,471.0,1,2,unsafe
5.89,4.1,332.0,0,2,unsafe
6.73,17.8,185.0,1,2,unsafe
6.57,12.3,126.0,1,2,unsafe
7.06,15.7,50.0,1,2,unsafe
7.35,11.3,233.0,1,2,unsafe
6.19,22.7,738.0,0,2,unsafe
7.75,5.9,70.0,1,2,unsafe
7.16,2.3,140.0,0,0,safe_garden
5.4,3.1,1087.0,0,2,unsafe
5.34,15.4,359.0,0,2,unsafe
7.09,12.1,646.0,1,2,unsafe
6.9,37.4,743.0,0,2,unsafe
7.01,9.2,749.0,0,2,unsafe
7.07,3.9,93.0,0,0,safe_garden
7.3,52.0,481.0,1,2,unsafe
7.95,31.5,65.0,0,2,unsafe
6.1,21.0,1284.0,0,0,safe_garden
6.05,28.2,72.0,1,2,unsafe
6.12,6.5,236.0,1,2,unsafe
7.36,3.7,238.0,0,0,safe_garden
8.22,5.0,101.0,1,2,unsafe
6.71,27.3,956.0,1,1,safe_flushing_only
4.85,18.5,1277.0,1,1,safe_flushing_only
5.57,0.8,407.0,0,2,unsafe
6.35,14.3,154.0,0,1,safe_flushing_only
6.6,4.2,50.0,1,2,unsafe
6.73,40.9,477.0,0,2,unsafe
7.13,19.2,455.0,0,1,safe_flushing_only
6.82,13.8,355.0,1,2,unsafe
8.04,9.7,616.0,0,1,safe_flushing_only
6.49,2.6,669.0,1,2,unsafe
6.32,15.2,647.0,1,2,unsafe
7.53,9.5,455.0,0,0,safe_garden
5.72,22.4,220.0,0,2,unsafe
7.45,5.1,750.0,1,2,unsafe
7.19,13.7,554.0,0,1,safe_flushing_only
6.97,1.3,817.0,0,1,safe_flushing_only
8.53,2.9,787.0,1,2,unsafe
6.54,2.8,123.0,0,0,safe_garden
8.95,5.5,120.0,0,2,unsafe
6.9,25.2,323.0,1,2,unsafe
5.95,7.9,233.0,0,2,unsafe
7.16,9.4,777.0,0,1,safe_flushing_only
6.13,1.0,655.0,1,2,unsafe
6.42,7.5,880.0,0,1,safe_flushing_only
7.46,8.2,669.0,0,1,safe_flushing_only
7.6,5.2,613.0,0,1,safe_flushing_only
6.54,13.3,910.0,0,1,safe_flushing_only
7.99,8.5,691.0,0,1,safe_flushing_only
8.14,2.2,570.0,1,2,unsafe
8.39,11.3,994.0,0,1,safe_flushing_only
7.58,8.7,585.0,0,1,safe_flushing_only
8.33,5.2,459.0,0,1,safe_flushing_only
5.41,0.5,299.0,0,2,unsafe
6.81,6.6,761.0,1,2,unsafe
6.32,29.9,921.0,1,2,unsafe
7.21,22.4,535.0,0,2,unsafe
6.59,10.7,942.0,1,2,unsafe
6.95,2.6,50.0,0,0,safe_garden
8.79,18.2,533.0,0,2,unsafe
6.95,20.9,538.0,1,2,unsafe
7.47,0.6,332.0,1,2,unsafe
6.89,31.7,1265.0,0,2,unsafe
7.17,33.6,530.0,1,2,unsafe
7.11,3.1,428.0,0,0,safe_garden
7.5,5.4,558.0,0,0,safe_garden
8.15,0.9,50.0,1,2,unsafe
8.58,19.9,322.0,1,2,unsafe
7.38,9.0,845.0,0,1,safe_flushing_only
7.63,15.2,361.0,1,2,unsafe
6.06,13.1,301.0,0,1,safe_flushing_only
7.02,16.6,943.0,1,2,unsafe
7.95,7.6,952.0,1,2,unsafe
7.88,3.6,705.0,0,1,safe_flushing_only
7.29,7.1,413.0,1,2,unsafe
7.9,2.1,478.0,1,2,unsafe
7.54,50.7,309.0,0,2,unsafe
8.18,6.7,252.0,0,1,safe_flushing_only
7.36,4.0,237.0,1,2,unsafe
6.78,5.4,365.0,1,2,unsafe
7.4,5.7,240.0,0,0,safe_garden
4.5,8.5,81.0,0,2,unsafe
7.44,8.5,616.0,0,1,safe_flushing_only
4.5,4.3,620.0,0,2,unsafe
5.55,8.7,1060.0,0,2,unsafe
7.51,49.0,349.0,0,2,unsafe
7.53,1.6,639.0,1,2,unsafe
6.05,2.6,644.0,0,1,safe_flushing_only
6.46,43.1,474.0,0,2,unsafe
8.33,20.7,773.0,0,2,unsafe
6.66,40.8,783.0,0,2,unsafe
9.12,15.0,648.0,1,2,unsafe
7.1,25.1,473.0,0,2,unsafe
7.47,1.1,443.0,0,0,safe_garden
8.56,23.9,140.0,0,2,unsafe
7.22,10.0,308.0,0,0,safe_garden
6.2,26.0,363.0,0,2,unsafe
7.0,11.3,213.0,1,2,unsafe
7.07,0.5,682.0,0,1,safe_flushing_only
5.87,4.6,909.0,0,2,unsafe
6.87,2.8,278.0,0,0,safe_garden
6.43,16.6,635.0,0,1,safe_flushing_only
7.93,13.3,240.0,0,1,safe_flushing_only
7.13,4.4,459.0,0,1,safe_flushing_only
6.85,6.5,343.0,0,0,safe_garden
7.0,3.0,731.0,1,2,unsafe
7.3,2.7,346.0,0,0,safe_garden
7.66,1.3,853.0,0,1,safe_flushing_only
6.2,9.0,476.0,0,1,safe_flushing_only
6.16,3.8,355.0,0,0,safe_garden
8.09,7.4,174.0,1,2,unsafe
6.73,10.3,626.0,0,1,safe_flushing_only
5.82,10.7,819.0,0,2,unsafe
7.5,2.9,632.0,0,1,safe_flushing_only
7.52,4.3,1222.0,1,2,unsafe
5.72,0.5,979.0,0,2,unsafe
7.31,6.5,458.0,1,2,unsafe
7.76,16.7,455.0,0,1,safe_flushing_only
7.44,0.5,691.0,0,1,safe_flushing_only
7.67,21.8,299.0,1,2,unsafe
5.84,27.3,900.0,0,2,unsafe
7.4,10.0,658.0,0,1,safe_flushing_only
6.83,21.9,627.0,0,2,unsafe
6.67,7.4,756.0,1,2,unsafe
7.88,4.0,1067.0,0,2,unsafe
8.43,0.8,601.0,1,0,safe_garden
8.71,0.6,516.0,0,2,unsafe
8.28,22.0,1003.0,0,2,unsafe
7.0,33.2,840.0,1,2,unsafe
7.42,9.5,454.0,0,0,safe_garden
7.79,26.8,552.0,0,2,unsafe
7.21,12.3,609.0,0,1,safe_flushing_only
7.22,20.1,659.0,1,2,unsafe
7.84,11.3,143.0,1,2,unsafe
7.05,10.8,87.0,0,1,safe_flushing_only
6.44,5.1,284.0,1,2,unsafe
6.73,11.3,261.0,0,1,safe_flushing_only
7.67,3.6,357.0,1,2,unsafe
7.1,0.7,740.0,1,2,unsafe
7.41,9.2,499.0,0,0,safe_garden
7.7,1.2,609.0,1,2,unsafe
6.76,6.8,183.0,0,0,safe_garden
7.78,0.5,412.0,1,2,unsafe
7.44,11.4,726.0,0,1,safe_flushing_only
5.99,4.5,728.0,0,2,unsafe
8.4,1.6,333.0,0,1,safe_flushing_only
6.65,6.4,598.0,0,1,safe_flushing_only
5.61,6.0,1210.0,0,2,unsafe
6.16,17.7,545.0,0,1,safe_flushing_only
6.18,30.3,342.0,1,2,unsafe
7.15,16.9,498.0,0,1,safe_flushing_only
6.85,1.5,578.0,1,2,unsafe
6.8,3.2,505.0,0,1,safe_flushing_only
7.66,76.1,541.0,1,2,unsafe
7.41,6.3,117.0,0,0,safe_garden
7.38,6.1,261.0,0,0,safe_garden
7.47,20.2,505.0,0,2,unsafe
7.65,19.5,500.0,0,1,safe_flushing_only
5.2,1.7,380.0,1,2,unsafe
6.77,10.8,497.0,1,2,unsafe
5.14,1.5,568.0,0,2,unsafe
7.13,21.8,817.0,0,2,unsafe
7.1,0.9,520.0,1,2,unsafe
8.04,9.2,670.0,0,1,safe_flushing_only
8.17,25.0,388.0,0,2,unsafe
7.28,7.0,722.0,1,2,unsafe
6.65,14.9,663.0,0,1,safe_flushing_only
7.54,10.6,810.0,1,2,unsafe
6.62,24.0,764.0,1,2,unsafe
7.1,36.7,727.0,0,2,unsafe
7.99,15.2,520.0,1,2,unsafe
6.6,31.1,623.0,0,2,unsafe
7.83,5.2,869.0,0,1,safe_flushing_only
7.71,9.5,354.0,0,2,unsafe
6.24,7.2,361.0,0,1,safe_flushing_only
7.98,32.1,604.0,0,2,unsafe
7.73,20.4,675.0,0,2,unsafe
7.19,4.5,303.0,0,0,safe_garden
6.41,5.6,528.0,0,1,safe_flushing_only
6.33,37.8,522.0,0,0,safe_garden
6.62,3.3,50.0,1,2,unsafe
7.59,6.1,484.0,0,0,safe_garden
6.24,5.5,503.0,0,1,safe_flushing_only
7.49,0.5,502.0,0,1,safe_flushing_only
5.98,10.7,975.0,0,2,unsafe
6.92,6.5,185.0,0,0,safe_garden
7.2,1.6,303.0,1,2,unsafe
9.3,0.5,50.0,0,2,unsafe
5.86,6.6,406.0,0,2,unsafe
8.42,20.6,431.0,1,2,unsafe
7.23,18.5,397.0,1,2,unsafe
7.47,3.3,882.0,1,2,unsafe
7.21,4.3,808.0,0,1,safe_flushing_only
7.5,8.0,573.0,0,1,safe_flushing_only
6.96,1.1,439.0,0,0,safe_garden
8.41,12.2,858.0,1,2,unsafe
6.69,3.6,544.0,0,1,safe_flushing_only
8.12,25.6,305.0,0,2,unsafe
6.52,12.5,50.0,0,1,safe_flushing_only
7.05,4.5,418.0,1,2,unsafe
6.14,19.9,776.0,1,2,unsafe
7.51,27.4,1233.0,0,2,unsafe
8.4,9.4,568.0,0,1,safe_flushing_only
7.03,3.9,320.0,1,2,unsafe
6.92,39.8,195.0,0,2,unsafe
6.1,24.3,716.0,1,2,unsafe
6.89,29.3,50.0,1,2,unsafe
5.67,13.4,715.0,0,2,unsafe
6.28,12.5,795.0,0,1,safe_flushing_only
7.3,14.3,681.0,0,1,safe_flushing_only
8.29,2.2,484.0,0,1,safe_flushing_only
9.5,11.2,719.0,0,2,unsafe
6.57,2.3,601.0,1,2,unsafe
8.39,3.6,317.0,0,1,safe_flushing_only
7.32,4.7,1105.0,0,2,unsafe
6.96,17.4,444.0,0,1,safe_flushing_only
7.49,8.6,783.0,0,1,safe_flushing_only
7.16,8.6,50.0,0,0,safe_garden
7.2,12.9,933.0,1,2,unsafe
6.73,8.6,991.0,1,2,unsafe
5.84,15.1,559.0,0,2,unsafe
5.71,0.9,718.0,0,2,unsafe
7.69,6.1,718.0,1,2,unsafe
6.85,9.0,357.0,1,2,unsafe
6.56,1.4,714.0,0,1,safe_flushing_only
7.11,7.4,307.0,1,2,unsafe
7.82,7.5,367.0,1,2,unsafe
7.26,14.8,888.0,0,1,safe_flushing_only
6.51,4.7,842.0,0,1,safe_flushing_only
8.2,13.2,338.0,0,1,safe_flushing_only
8.52,16.4,330.0,0,2,unsafe
7.55,14.2,356.0,1,2,unsafe
7.98,3.8,770.0,0,1,safe_flushing_only
8.22,15.7,250.0,1,2,unsafe
8.12,14.4,657.0,1,2,unsafe
7.65,4.7,774.0,0,1,safe_flushing_only
7.64,3.2,524.0,0,1,safe_flushing_only
7.57,4.5,853.0,0,1,safe_flushing_only
6.11,2.1,459.0,1,2,unsafe
7.73,9.8,486.0,0,0,safe_garden
5.88,8.9,257.0,0,2,unsafe
6.38,7.1,855.0,0,1,safe_flushing_only
8.27,4.2,320.0,0,1,safe_flushing_only
7.86,1.3,655.0,0,1,safe_flushing_only
8.44,27.5,529.0,0,2,unsafe
6.86,10.2,234.0,0,1,safe_flushing_only
6.06,18.2,367.0,0,1,safe_flushing_only
6.88,21.5,965.0,0,2,unsafe
7.19,18.3,610.0,0,1,safe_flushing_only
7.17,6.7,247.0,1,2,unsafe
8.12,12.0,642.0,1,2,unsafe
6.77,0.5,506.0,0,1,safe_flushing_only
7.42,20.5,1586.0,0,2,unsafe
6.21,28.6,636.0,0,2,unsafe
7.51,32.9,436.0,1,2,unsafe
7.1,3.3,976.0,0,1,safe_flushing_only
6.43,3.0,50.0,0,1,safe_flushing_only
6.89,8.2,578.0,0,1,safe_flushing_only
6.93,12.3,1148.0,1,2,unsafe
6.86,11.0,515.0,0,0,safe_garden
8.69,24.0,50.0,1,2,unsafe
7.01,9.1,431.0,0,0,safe_garden
6.88,8.7,986.0,1,2,unsafe
5.21,9.3,663.0,1,2,unsafe
6.3,6.8,298.0,1,2,unsafe
6.86,6.6,344.0,0,0,safe_garden
6.48,4.6,382.0,0,1,safe_flushing_only
8.34,1.8,658.0,0,0,safe_garden
6.95,3.7,951.0,0,1,safe_flushing_only
8.26,1.8,866.0,0,1,safe_flushing_only
7.16,8.0,687.0,0,1,safe_flushing_only
7.13,43.9,151.0,0,2,unsafe
7.02,10.6,152.0,0,1,safe_flushing_only
7.1,9.4,710.0,0,1,safe_flushing_only
8.65,9.8,146.0,0,2,unsafe
5.01,3.0,482.0,0,2,unsafe
5.3,8.0,641.0,1,1,safe_flushing_only
6.61,2.7,209.0,0,0,safe_garden
7.11,13.1,243.0,1,2,unsafe
7.72,22.2,522.0,1,2,unsafe
7.53,3.0,701.0,0,1,safe_flushing_only
6.75,32.8,868.0,0,2,unsafe
8.02,26.6,732.0,0,2,unsafe
8.03,0.5,572.0,1,2,unsafe
7.27,5.4,326.0,0,0,safe_garden
7.97,2.6,229.0,0,0,safe_garden
7.35,2.0,397.0,0,0,safe_garden
6.59,21.1,673.0,0,2,unsafe
7.73,15.1,651.0,1,2,unsafe
7.2,7.9,50.0,0,0,safe_garden
7.1,19.6,314.0,0,1,safe_flushing_only
8.43,17.4,911.0,0,1,safe_flushing_only
4.89,1.1,574.0,0,2,unsafe
5.82,1.0,125.0,0,2,unsafe
6.03,17.1,1257.0,0,2,unsafe
6.77,1.2,541.0,0,1,safe_flushing_only
6.87,22.6,665.0,1,2,unsafe
5.74,12.4,670.0,1,2,unsafe
6.21,15.3,440.0,0,1,safe_flushing_only
6.33,6.4,332.0,0,1,safe_flushing_only
9.31,3.7,1187.0,0,2,unsafe
8.72,4.9,851.0,0,2,unsafe
6.73,1.5,797.0,0,1,safe_flushing_only
6.77,5.1,723.0,0,1,safe_flushing_only
6.07,14.1,249.0,0,1,safe_flushing_only
5.38,24.8,933.0,0,2,unsafe
6.99,0.8,297.0,0,0,safe_garden
6.2,23.7,635.0,0,2,unsafe
7.02,36.6,58.0,0,2,unsafe
5.66,31.6,50.0,0,2,unsafe
6.41,9.5,645.0,0,1,safe_flushing_only
7.23,23.6,307.0,0,2,unsafe
7.43,17.2,50.0,1,2,unsafe
7.48,9.1,712.0,0,1,safe_flushing_only
5.91,10.0,1186.0,0,2,unsafe
7.87,2.1,967.0,1,2,unsafe
6.38,20.8,473.0,0,2,unsafe
7.67,1.0,553.0,0,1,safe_flushing_only
7.09,13.8,816.0,0,1,safe_flushing_only
5.86,46.5,887.0,0,2,unsafe
6.82,17.1,447.0,1,2,unsafe
7.43,9.7,560.0,1,2,unsafe
7.65,5.7,640.0,0,1,safe_flushing_only
6.97,22.7,716.0,0,2,unsafe
8.48,1.1,510.0,0,1,safe_flushing_only
8.01,8.1,514.0,0,2,unsafe
6.87,17.9,964.0,0,1,safe_flushing_only
7.78,4.9,913.0,1,2,unsafe
8.84,5.9,693.0,0,2,unsafe
8.86,1.1,1066.0,1,2,unsafe
5.99,1.9,434.0,0,2,unsafe
6.27,0.5,1037.0,1,2,unsafe
8.44,5.1,713.0,0,1,safe_flushing_only
6.15,8.8,1531.0,0,2,unsafe
5.91,4.8,192.0,0,2,unsafe
6.66,4.2,343.0,1,2,unsafe
7.48,13.9,676.0,1,2,unsafe
7.01,33.2,669.0,0,2,unsafe
6.51,9.0,1135.0,0,2,unsafe
6.49,9.5,349.0,1,2,unsafe
6.46,4.0,821.0,0,1,safe_flushing_only
6.31,5.6,899.0,0,1,safe_flushing_only
9.15,4.9,761.0,0,2,unsafe
7.37,36.8,262.0,1,2,unsafe
7.9,14.9,972.0,0,1,safe_flushing_only
6.66,18.4,919.0,1,2,unsafe
6.93,2.6,730.0,1,2,unsafe
6.46,20.8,611.0,0,2,unsafe
4.71,7.0,618.0,0,2,unsafe
5.86,1.8,526.0,0,2,unsafe
5.47,12.3,742.0,0,2,unsafe
5.08,1.9,559.0,1,2,unsafe
6.02,7.2,295.0,1,2,unsafe
8.29,1.6,235.0,0,1,safe_flushing_only
7.06,9.5,324.0,0,1,safe_flushing_only
8.26,2.7,617.0,0,1,safe_flushing_only
7.47,2.9,542.0,1,2,unsafe
7.8,1.9,615.0,1,2,unsafe
6.29,0.5,700.0,1,2,unsafe
7.57,1.6,362.0,0,0,safe_garden
7.76,17.9,990.0,0,1,safe_flushing_only
6.58,5.7,470.0,0,0,safe_garden
7.6,21.5,420.0,0,2,unsafe
7.61,32.0,695.0,1,2,unsafe
6.61,34.7,50.0,0,2,unsafe
6.09,0.9,313.0,1,2,unsafe
6.03,9.4,844.0,0,1,safe_flushing_only
7.18,1.3,50.0,0,0,safe_garden
7.39,25.5,885.0,0,2,unsafe
6.39,18.2,1003.0,1,2,unsafe
7.12,5.4,439.0,0,0,safe_garden
7.61,5.9,638.0,0,1,safe_flushing_only
7.66,9.7,886.0,1,2,unsafe
8.5,14.1,410.0,1,2,unsafe
8.25,22.3,810.0,0,2,unsafe
6.2,1.4,349.0,1,2,unsafe
8.62,9.9,407.0,1,2,unsafe
6.62,5.8,310.0,1,2,unsafe
8.04,3.8,653.0,1,2,unsafe
7.16,14.8,897.0,0,1,safe_flushing_only
6.73,6.2,495.0,0,0,safe_garden
5.47,17.0,169.0,1,2,unsafe
6.95,21.0,225.0,0,2,unsafe
5.7,5.7,668.0,1,2,unsafe
7.97,0.5,1103.0,1,2,unsafe
8.47,42.3,668.0,1,2,unsafe
6.38,14.7,434.0,0,1,safe_flushing_only
7.37,27.2,780.0,0,2,unsafe
6.45,1.1,478.0,0,1,safe_flushing_only
6.53,1.7,437.0,1,2,unsafe
7.8,0.7,262.0,1,2,unsafe
7.07,2.9,973.0,1,2,unsafe
8.67,0.5,50.0,0,0,safe_garden
6.67,25.2,789.0,1,2,unsafe
8.0,4.5,411.0,0,0,safe_garden
7.19,19.2,427.0,0,2,unsafe
7.82,21.4,1058.0,0,2,unsafe
6.7,21.3,336.0,0,2,unsafe
7.06,8.0,346.0,1,2,unsafe
7.0,42.2,511.0,0,2,unsafe
6.35,26.6,674.0,1,2,unsafe
7.7,38.3,417.0,0,2,unsafe
7.69,10.6,78.0,0,1,safe_flushing_only
7.63,24.5,290.0,1,2,unsafe
8.48,7.4,934.0,0,1,safe_flushing_only
8.4,15.9,572.0,1,2,unsafe
6.76,14.4,685.0,1,2,unsafe
7.44,0.9,472.0,0,0,safe_garden
6.54,2.7,352.0,0,0,safe_garden
7.12,18.6,1053.0,0,2,unsafe
6.56,0.5,494.0,0,0,safe_garden
8.56,17.6,417.0,0,2,unsafe
7.43,10.6,879.0,1,2,unsafe
6.9,56.4,333.0,1,2,unsafe
8.17,0.5,372.0,0,1,safe_flushing_only
5.15,8.7,553.0,1,2,unsafe
5.29,38.1,550.0,0,2,unsafe
7.82,0.5,628.0,1,2,unsafe
7.15,12.8,1178.0,1,2,unsafe
7.33,5.2,651.0,0,1,safe_flushing_only
5.91,3.5,50.0,0,2,unsafe
7.08,16.3,648.0,0,1,safe_flushing_only
8.9,7.5,561.0,0,2,unsafe
7.84,10.2,563.0,1,2,unsafe
7.25,0.5,624.0,0,1,safe_flushing_only
6.7,9.4,541.0,1,2,unsafe
6.74,1.0,534.0,0,1,safe_flushing_only
5.18,7.9,734.0,1,2,unsafe
7.33,1.1,387.0,0,0,safe_garden
7.86,13.2,266.0,1,2,unsafe
5.68,2.3,1457.0,0,2,unsafe
6.5,0.5,335.0,0,0,safe_garden
6.06,20.5,580.0,0,2,unsafe
6.23,2.9,101.0,1,2,unsafe
7.15,0.5,585.0,0,1,safe_flushing_only
5.22,14.3,270.0,1,2,unsafe
7.65,9.0,417.0,1,2,unsafe
7.78,11.3,864.0,1,2,unsafe
6.87,24.6,692.0,1,1,safe_flushing_only
4.87,2.4,721.0,0,2,unsafe
6.2,3.4,50.0,1,2,unsafe
8.21,16.5,1101.0,0,2,unsafe
4.6,5.4,192.0,0,2,unsafe
6.79,3.5,1009.0,0,2,unsafe
6.04,20.1,856.0,0,2,unsafe
7.82,5.2,723.0,0,1,safe_flushing_only
6.49,5.0,294.0,1,2,unsafe
7.46,35.1,595.0,0,2,unsafe
7.61,0.5,409.0,1,2,unsafe
8.75,36.0,559.0,1,2,unsafe
6.92,4.8,475.0,1,2,unsafe
7.44,39.3,50.0,0,2,unsafe
5.76,1.7,887.0,0,2,unsafe
8.17,10.3,526.0,0,1,safe_flushing_only
6.42,16.1,405.0,1,2,unsafe
6.6,16.7,382.0,0,1,safe_flushing_only
7.08,1.2,658.0,0,1,safe_flushing_only
5.69,1.1,282.0,1,2,unsafe
7.31,11.6,50.0,0,1,safe_flushing_only
7.97,1.1,672.0,0,1,safe_flushing_only
7.36,19.3,706.0,0,1,safe_flushing_only
5.67,22.5,490.0,1,2,unsafe
6.99,1.8,206.0,0,0,safe_garden
7.77,17.6,577.0,1,2,unsafe
5.41,0.6,111.0,1,2,unsafe
6.13,37.7,242.0,1,2,unsafe
7.89,8.8,325.0,0,2,unsafe
7.34,15.8,803.0,1,2,unsafe
7.47,15.6,441.0,0,1,safe_flushing_only
8.77,12.9,416.0,1,1,safe_flushing_only
7.52,10.7,1136.0,0,2,unsafe
7.69,0.5,656.0,1,2,unsafe
9.5,24.1,652.0,0,2,unsafe
6.91,11.1,439.0,0,1,safe_flushing_only
6.38,3.4,371.0,0,1,safe_flushing_only
7.49,5.1,50.0,1,2,unsafe
7.5,5.4,841.0,0,1,safe_flushing_only
6.63,0.8,684.0,0,1,safe_flushing_only
6.17,2.5,496.0,0,1,safe_flushing_only
9.18,0.5,509.0,1,2,unsafe
7.39,10.7,771.0,0,1,safe_flushing_only
6.44,6.4,84.0,1,2,unsafe
7.92,38.4,373.0,1,2,unsafe
7.0,3.3,209.0,0,0,safe_garden
6.87,10.3,1081.0,0,2,unsafe
7.61,0.8,813.0,0,1,safe_flushing_only
5.94,4.3,50.0,0,2,unsafe
7.42,11.4,96.0,1,2,unsafe
8.82,36.4,510.0,0,2,unsafe
7.52,39.2,408.0,0,2,unsafe
6.76,0.6,153.0,1,2,unsafe
6.64,11.7,1133.0,0,0,safe_garden
6.73,3.0,644.0,0,1,safe_flushing_only
6.87,25.1,692.0,0,1,safe_flushing_only
6.76,16.1,342.0,1,2,unsafe
7.92,2.8,767.0,0,1,safe_flushing_only
5.54,5.9,436.0,0,2,unsafe
7.88,0.5,465.0,0,0,safe_garden
6.76,6.2,733.0,0,1,safe_flushing_only
7.44,9.5,61.0,0,0,safe_garden
6.09,7.7,1029.0,0,2,unsafe
8.3,15.6,605.0,0,1,safe_flushing_only
8.22,1.8,934.0,0,1,safe_flushing_only
7.96,21.1,227.0,0,1,safe_flushing_only
5.74,5.7,273.0,0,2,unsafe
7.85,5.9,201.0,1,2,unsafe
7.46,4.2,625.0,0,1,safe_flushing_only
5.66,18.1,570.0,1,2,unsafe
7.08,6.2,411.0,1,2,unsafe
7.43,4.4,246.0,0,0,safe_garden
7.6,12.1,170.0,0,1,safe_flushing_only
7.26,12.2,535.0,0,1,safe_flushing_only
7.36,4.8,410.0,0,0,safe_garden
8.43,23.1,344.0,0,2,unsafe
8.2,5.8,1014.0,0,2,unsafe
4.52,15.6,525.0,0,2,unsafe
6.81,4.2,931.0,1,2,unsafe
6.95,18.3,390.0,0,1,safe_flushing_only
5.52,17.8,623.0,1,2,unsafe
7.18,15.1,533.0,1,2,unsafe
8.22,19.2,50.0,1,2,unsafe
6.12,10.3,979.0,0,1,safe_flushing_only
7.4,2.4,509.0,0,1,safe_flushing_only
6.28,8.5,774.0,0,2,unsafe
6.5,2.8,324.0,0,1,safe_flushing_only
8.43,11.5,501.0,0,1,safe_flushing_only
6.61,1.4,290.0,1,2,unsafe
7.52,10.1,921.0,0,1,safe_flushing_only
5.42,1.9,643.0,0,2,unsafe
8.78,10.7,660.0,0,2,unsafe
7.64,49.2,957.0,1,2,unsafe
6.94,13.8,897.0,1,2,unsafe
7.62,4.4,780.0,0,1,safe_flushing_only
5.83,3.3,123.0,1,2,unsafe
8.16,6.5,341.0,0,1,safe_flushing_only
6.81,8.6,249.0,0,0,safe_garden
6.92,11.2,768.0,1,2,unsafe
6.66,3.5,601.0,1,2,unsafe
6.58,12.0,133.0,0,1,safe_flushing_only
7.73,2.2,493.0,0,0,safe_garden
7.33,31.2,102.0,0,2,unsafe
7.69,15.7,534.0,1,2,unsafe
7.09,7.8,53.0,1,2,unsafe
7.56,13.7,709.0,0,1,safe_flushing_only
6.72,2.0,663.0,0,1,safe_flushing_only
9.11,23.5,1122.0,1,2,unsafe
5.69,27.8,804.0,0,2,unsafe
8.23,2.6,423.0,0,1,safe_flushing_only
8.33,0.5,795.0,0,1,safe_flushing_only
6.33,5.3,131.0,0,1,safe_flushing_only
9.11,13.3,261.0,0,2,unsafe
8.0,43.0,650.0,1,2,unsafe
7.97,4.9,50.0,1,2,unsafe
7.13,4.8,539.0,0,1,safe_flushing_only
6.9,1.5,244.0,0,0,safe_garden
6.91,24.2,580.0,0,2,unsafe
7.45,37.4,227.0,0,2,unsafe
8.36,0.9,677.0,1,2,unsafe
7.26,1.1,556.0,1,2,unsafe
6.28,3.6,970.0,1,2,unsafe
7.84,26.7,552.0,1,2,unsafe
7.93,57.7,319.0,0,2,unsafe
7.69,5.2,476.0,0,0,safe_garden
7.77,16.8,147.0,0,1,safe_flushing_only
6.86,10.7,672.0,0,1,safe_flushing_only
6.26,2.9,727.0,0,1,safe_flushing_only
6.32,9.5,1291.0,1,2,unsafe
5.63,34.9,363.0,0,2,unsafe
7.31,17.2,470.0,1,2,unsafe
7.02,18.0,377.0,0,1,safe_flushing_only
6.7,16.4,614.0,0,1,safe_flushing_only
4.5,1.8,665.0,1,2,unsafe
5.98,8.5,534.0,1,2,unsafe
8.11,14.0,876.0,1,2,unsafe
6.5,9.0,365.0,0,0,safe_garden
7.42,0.5,846.0,1,2,unsafe
5.85,1.1,712.0,1,2,unsafe
8.39,28.2,546.0,1,2,unsafe
6.97,17.0,456.0,0,1,safe_flushing_only
7.36,16.3,1278.0,0,2,unsafe
9.19,25.9,305.0,0,2,unsafe
8.46,14.6,639.0,0,1,safe_flushing_only
6.82,45.5,325.0,1,1,safe_flushing_only
6.57,28.2,1086.0,0,2,unsafe
6.81,3.8,816.0,1,2,unsafe
7.56,5.0,346.0,1,2,unsafe
7.01,8.9,704.0,0,1,safe_flushing_only
6.74,3.7,627.0,1,2,unsafe
8.42,23.5,395.0,1,2,unsafe
7.0,2.3,777.0,0,1,safe_flushing_only
9.17,10.7,667.0,0,2,unsafe
7.18,16.4,615.0,1,2,unsafe
8.71,10.7,537.0,1,2,unsafe
7.42,3.5,679.0,0,1,safe_flushing_only
7.97,8.2,619.0,1,2,unsafe
6.45,1.8,568.0,1,2,unsafe
6.33,8.8,358.0,0,1,safe_flushing_only
7.51,9.7,1058.0,0,2,unsafe
7.99,8.4,235.0,0,0,safe_garden
7.14,9.5,678.0,0,1,safe_flushing_only
5.94,3.4,454.0,1,2,unsafe
5.88,40.5,1078.0,0,2,unsafe
5.82,15.5,279.0,0,2,unsafe
5.51,11.6,329.0,1,2,unsafe
7.2,13.0,259.0,0,1,safe_flushing_only
8.11,5.7,647.0,1,2,unsafe
7.09,31.0,138.0,0,2,unsafe
5.07,1.8,406.0,0,2,unsafe
6.93,0.5,50.0,0,0,safe_garden
6.95,13.3,622.0,0,1,safe_flushing_only
8.99,10.4,400.0,0,2,unsafe
5.79,4.7,104.0,1,2,unsafe
6.75,47.6,876.0,0,2,unsafe
8.64,15.0,158.0,0,2,unsafe
7.5,8.7,789.0,1,2,unsafe
7.61,18.8,340.0,0,1,safe_flushing_only
7.2,2.1,1030.0,1,2,unsafe
7.4,5.0,775.0,0,1,safe_flushing_only
7.8,2.7,248.0,0,0,safe_garden
6.37,2.8,275.0,0,1,safe_flushing_only
7.89,18.1,732.0,0,1,safe_flushing_only
5.86,7.6,471.0,1,2,unsafe
7.4,9.8,499.0,0,0,safe_garden
7.26,4.5,932.0,1,2,unsafe
6.55,1.6,325.0,1,2,unsafe
7.08,3.6,577.0,0,1,safe_flushing_only
6.54,3.7,836.0,0,1,safe_flushing_only
6.14,11.3,793.0,1,2,unsafe
6.78,15.6,502.0,1,2,unsafe
6.11,50.1,463.0,1,2,unsafe
7.39,26.8,50.0,1,2,unsafe
6.06,54.8,233.0,1,2,unsafe
7.74,18.5,646.0,0,1,safe_flushing_only
6.04,0.5,509.0,1,2,unsafe
